,stock,mktcap
0,0001.HK,198596362240
1,0002.HK,184304517120
2,0003.HK,0
3,0004.HK,0
4,0009.HK,0
5,0010.HK,0
6,0011.HK,240127098880
7,0012.HK,143777693696
8,0019.HK,54409363456
9,0021.HK,0
10,0022.HK,0
11,0023.HK,43048869888
12,0028.HK,0
13,0029.HK,0
14,0030.HK,0
15,0031.HK,0
16,0036.HK,0
17,0037.HK,0
18,0038.HK,0
19,0039.HK,0
20,0045.HK,0
21,0046.HK,0
22,0047.HK,0
23,0048.HK,0
24,0055.HK,0
25,0056.HK,0
26,0057.HK,0
27,0058.HK,0
28,0063.HK,0
29,0064.HK,0
30,0065.HK,0
31,0066.HK,244123041792
32,0071.HK,0
33,0072.HK,0
34,0073.HK,0
35,0075.HK,0
36,0080.HK,0
37,0081.HK,0
38,0082.HK,0
39,0083.HK,0
40,0088.HK,0
41,0089.HK,0
42,0090.HK,0
43,0091.HK,0
44,0096.HK,0
45,0097.HK,0
46,0098.HK,0
47,0099.HK,0
48,0104.HK,0
49,0105.HK,0
50,0106.HK,0
51,0107.HK,0
52,0112.HK,0
53,0113.HK,0
54,0114.HK,0
55,0115.HK,0
56,0120.HK,0
57,0122.HK,0
58,0123.HK,0
59,0124.HK,0
60,0129.HK,0
61,0130.HK,0
62,0131.HK,0
63,0132.HK,0
64,0138.HK,0
65,0139.HK,0
66,0141.HK,0
67,0142.HK,0
68,0147.HK,0
69,0148.HK,0
70,0149.HK,0
71,0150.HK,0
72,0155.HK,0
73,0156.HK,0
74,0157.HK,0
75,0158.HK,0
76,0164.HK,0
77,0165.HK,0
78,0166.HK,0
79,0167.HK,0
80,0173.HK,0
81,0174.HK,0
82,0175.HK,0
83,0176.HK,0
84,0181.HK,0
85,0182.HK,0
86,0183.HK,0
87,0184.HK,0
88,0189.HK,0
89,0190.HK,0
90,0191.HK,0
91,0193.HK,0
92,0198.HK,0
93,0199.HK,0
94,0200.HK,0
95,0201.HK,0
96,0207.HK,0
97,0208.HK,0
98,0209.HK,0
99,0210.HK,0
100,0215.HK,0
101,0216.HK,0
102,0217.HK,0
103,0218.HK,0
104,0224.HK,0
105,0225.HK,0
106,0226.HK,0
107,0227.HK,0
108,0232.HK,0
109,0234.HK,0
110,0235.HK,0
111,0236.HK,0
112,0241.HK,0
113,0242.HK,0
114,0243.HK,0
115,0244.HK,0
116,0251.HK,0
117,0252.HK,0
118,0253.HK,0
119,0254.HK,0
120,0259.HK,0
121,0260.HK,0
122,0261.HK,0
123,0262.HK,0
124,0267.HK,176869015552
125,0268.HK,0
126,0269.HK,0
127,0270.HK,0
128,0275.HK,0
129,0276.HK,0
130,0277.HK,0
131,0278.HK,0
132,0285.HK,0
133,0286.HK,0
134,0287.HK,0
135,0288.HK,94359691264
136,0293.HK,35597717504
137,0294.HK,0
138,0295.HK,0
139,0296.HK,0
140,0302.HK,0
141,0303.HK,0
142,0305.HK,0
143,0306.HK,0
144,0311.HK,0
145,0312.HK,0
146,0313.HK,0
147,0315.HK,0
148,0321.HK,0
149,0322.HK,0
150,0323.HK,0
151,0326.HK,0
152,0331.HK,0
153,0332.HK,0
154,0333.HK,0
155,0334.HK,0
156,0339.HK,0
157,0340.HK,0
158,0341.HK,0
159,0342.HK,0
160,0348.HK,0
161,0351.HK,0
162,0352.HK,0
163,0353.HK,0
164,0358.HK,52326948864
165,0359.HK,0
166,0360.HK,0
167,0361.HK,0
168,0366.HK,0
169,0367.HK,0
170,0368.HK,0
171,0369.HK,0
172,0374.HK,0
173,0375.HK,0
174,0376.HK,0
175,0377.HK,0
176,0382.HK,0
177,0383.HK,0
178,0384.HK,0
179,0385.HK,0
180,0390.HK,146541772800
181,0391.HK,0
182,0392.HK,31551250432
183,0393.HK,0
184,0399.HK,0
185,0400.HK,0
186,0401.HK,0
187,0403.HK,0
188,0411.HK,0
189,0412.HK,0
190,0413.HK,0
191,0416.HK,0
192,0422.HK,0
193,0423.HK,0
194,0425.HK,0
195,0426.HK,0
196,0433.HK,0
197,0434.HK,0
198,0435.HK,0
199,0436.HK,0
200,0444.HK,0
201,0445.HK,0
202,0449.HK,0
203,0450.HK,0
204,0459.HK,0
205,0460.HK,0
206,0462.HK,0
207,0464.HK,0
208,0472.HK,0
209,0474.HK,0
210,0475.HK,0
211,0476.HK,0
212,0484.HK,0
213,0485.HK,0
214,0486.HK,0
215,0487.HK,0
216,0495.HK,0
217,0496.HK,0
218,0497.HK,0
219,0498.HK,0
220,0506.HK,0
221,0508.HK,0
222,0509.HK,0
223,0510.HK,0
224,0517.HK,0
225,0518.HK,0
226,0519.HK,0
227,0520.HK,0
228,0526.HK,0
229,0527.HK,0
230,0528.HK,0
231,0529.HK,0
232,0535.HK,0
233,0536.HK,0
234,0538.HK,0
235,0539.HK,0
236,0546.HK,0
237,0547.HK,0
238,0548.HK,0
239,0550.HK,0
240,0555.HK,0
241,0556.HK,0
242,0557.HK,0
243,0558.HK,0
244,0565.HK,0
245,0567.HK,0
246,0568.HK,0
247,0570.HK,0
248,0575.HK,0
249,0576.HK,0
250,0577.HK,0
251,0578.HK,0
252,0583.HK,0
253,0585.HK,0
254,0586.HK,0
255,0587.HK,0
256,0592.HK,0
257,0593.HK,0
258,0595.HK,0
259,0596.HK,0
260,0602.HK,0
261,0603.HK,0
262,0604.HK,0
263,0605.HK,0
264,0611.HK,0
265,0612.HK,0
266,0613.HK,0
267,0616.HK,0
268,0621.HK,0
269,0622.HK,0
270,0623.HK,0
271,0625.HK,0
272,0630.HK,0
273,0631.HK,0
274,0632.HK,0
275,0633.HK,0
276,0639.HK,0
277,0640.HK,0
278,0641.HK,0
279,0643.HK,0
280,0651.HK,0
281,0653.HK,0
282,0655.HK,0
283,0656.HK,82215288832
284,0661.HK,0
285,0662.HK,0
286,0663.HK,0
287,0665.HK,0
288,0670.HK,76850929664
289,0672.HK,0
290,0673.HK,0
291,0674.HK,0
292,0679.HK,0
293,0680.HK,0
294,0681.HK,0
295,0682.HK,0
296,0687.HK,0
297,0688.HK,0
298,0689.HK,0
299,0690.HK,0
300,0696.HK,0
301,0697.HK,0
302,0698.HK,0
303,0699.HK,0
304,0704.HK,0
305,0706.HK,0
306,0707.HK,0
307,0708.HK,0
308,0713.HK,0
309,0715.HK,0
310,0716.HK,0
311,0717.HK,0
312,0722.HK,0
313,0723.HK,0
314,0724.HK,0
315,0725.HK,0
316,0730.HK,0
317,0731.HK,0
318,0732.HK,0
319,0733.HK,0
320,0745.HK,0
321,0746.HK,0
322,0747.HK,0
323,0750.HK,0
324,0755.HK,0
325,0756.HK,0
326,0757.HK,0
327,0758.HK,0
328,0764.HK,0
329,0765.HK,0
330,0766.HK,0
331,0767.HK,0
332,0772.HK,0
333,0775.HK,0
334,0776.HK,0
335,0777.HK,0
336,0788.HK,0
337,0789.HK,0
338,0794.HK,0
339,0797.HK,0
340,0803.HK,0
341,0804.HK,0
342,0806.HK,0
343,0807.HK,0
344,0812.HK,0
345,0813.HK,0
346,0814.HK,0
347,0815.HK,0
348,0821.HK,0
349,0822.HK,0
350,0823.HK,0
351,0825.HK,0
352,0830.HK,0
353,0831.HK,0
354,0832.HK,0
355,0833.HK,0
356,0839.HK,0
357,0840.HK,0
358,0841.HK,0
359,0842.HK,0
360,0850.HK,0
361,0851.HK,0
362,0852.HK,0
363,0853.HK,0
364,0858.HK,0
365,0859.HK,0
366,0860.HK,0
367,0861.HK,0
368,0866.HK,0
369,0867.HK,0
370,0868.HK,0
371,0869.HK,0
372,0875.HK,0
373,0876.HK,0
374,0878.HK,0
375,0880.HK,0
376,0885.HK,0
377,0886.HK,0
378,0887.HK,0
379,0888.HK,0
380,0895.HK,0
381,0896.HK,0
382,0897.HK,0
383,0898.HK,0
384,0904.HK,0
385,0905.HK,0
386,0906.HK,0
387,0907.HK,0
388,0912.HK,0
389,0913.HK,0
390,0914.HK,321992785920
391,0915.HK,0
392,0922.HK,0
393,0923.HK,0
394,0924.HK,0
395,0925.HK,0
396,0931.HK,0
397,0932.HK,0
398,0934.HK,0
399,0935.HK,0
400,0943.HK,0
401,0945.HK,215179771904
402,0947.HK,0
403,0948.HK,0
404,0954.HK,0
405,0956.HK,0
406,0959.HK,0
407,0960.HK,284867002368
408,0970.HK,0
409,0973.HK,0
410,0974.HK,0
411,0975.HK,0
412,0981.HK,185564463104
413,0982.HK,0
414,0983.HK,0
415,0984.HK,0
416,0989.HK,0
417,0990.HK,0
418,0991.HK,0
419,0992.HK,64759771136
420,0997.HK,0
421,0998.HK,252066676736
422,0999.HK,0
423,1000.HK,0
424,1005.HK,0
425,1006.HK,0
426,1007.HK,0
427,1008.HK,0
428,1019.HK,0
429,1020.HK,0
430,1022.HK,0
431,1023.HK,0
432,1029.HK,0
433,1030.HK,0
434,1031.HK,0
435,1033.HK,0
436,1039.HK,0
437,1041.HK,0
438,1043.HK,0
439,1044.HK,0
440,1050.HK,0
441,1051.HK,0
442,1052.HK,0
443,1053.HK,0
444,1060.HK,0
445,1061.HK,0
446,1062.HK,0
447,1063.HK,0
448,1069.HK,0
449,1070.HK,0
450,1071.HK,0
451,1072.HK,0
452,1080.HK,0
453,1082.HK,0
454,1083.HK,0
455,1084.HK,0
456,1089.HK,0
457,1090.HK,0
458,1091.HK,0
459,1093.HK,98903588864
460,1099.HK,53787045888
461,1100.HK,0
462,1101.HK,0
463,1102.HK,0
464,1107.HK,0
465,1108.HK,0
466,1109.HK,251722170368
467,1110.HK,0
468,1115.HK,0
469,1116.HK,0
470,1117.HK,0
471,1118.HK,0
472,1123.HK,0
473,1124.HK,0
474,1125.HK,0
475,1126.HK,0
476,1131.HK,0
477,1132.HK,0
478,1133.HK,0
479,1134.HK,0
480,1141.HK,0
481,1142.HK,0
482,1143.HK,0
483,1145.HK,0
484,1152.HK,0
485,1155.HK,0
486,1156.HK,0
487,1157.HK,0
488,1162.HK,0
489,1163.HK,0
490,1164.HK,0
491,1165.HK,0
492,1171.HK,43310370816
493,1172.HK,0
494,1173.HK,0
495,1175.HK,0
496,1180.HK,0
497,1181.HK,0
498,1182.HK,0
499,1183.HK,0
500,1189.HK,0
501,1190.HK,0
502,1191.HK,0
503,1192.HK,0
504,1198.HK,0
505,1199.HK,0
506,1200.HK,0
507,1201.HK,0
508,1207.HK,0
509,1208.HK,0
510,1210.HK,0
511,1211.HK,579359670272
512,1217.HK,0
513,1218.HK,0
514,1219.HK,0
515,1220.HK,0
516,1225.HK,0
517,1226.HK,0
518,1227.HK,0
519,1229.HK,0
520,1234.HK,0
521,1235.HK,0
522,1237.HK,0
523,1238.HK,0
524,1245.HK,0
525,1246.HK,0
526,1247.HK,0
527,1248.HK,0
528,1253.HK,0
529,1255.HK,0
530,1257.HK,0
531,1258.HK,0
532,1265.HK,0
533,1266.HK,0
534,1268.HK,0
535,1269.HK,0
536,1275.HK,0
537,1277.HK,0
538,1278.HK,0
539,1280.HK,0
540,1286.HK,0
541,1288.HK,1275584708608
542,1289.HK,0
543,1290.HK,0
544,1298.HK,0
545,1299.HK,973325467648
546,1300.HK,0
547,1301.HK,0
548,1310.HK,0
549,1312.HK,0
550,1313.HK,0
551,1314.HK,0
552,1321.HK,0
553,1323.HK,0
554,1326.HK,0
555,1327.HK,0
556,1333.HK,0
557,1335.HK,0
558,1336.HK,174370684928
559,1337.HK,0
560,1343.HK,0
561,1345.HK,0
562,1346.HK,0
563,1347.HK,0
564,1355.HK,0
565,1357.HK,0
566,1358.HK,0
567,1359.HK,58391683072
568,1365.HK,0
569,1366.HK,0
570,1367.HK,0
571,1368.HK,0
572,1373.HK,0
573,1375.HK,0
574,1376.HK,0
575,1378.HK,0
576,1385.HK,0
577,1386.HK,0
578,1387.HK,0
579,1388.HK,0
580,1397.HK,0
581,1398.HK,1968950738944
582,1399.HK,0
583,1400.HK,0
584,1412.HK,0
585,1415.HK,0
586,1416.HK,0
587,1417.HK,0
588,1425.HK,0
589,1426.HK,0
590,1427.HK,0
591,1428.HK,0
592,1433.HK,0
593,1439.HK,0
594,1442.HK,0
595,1443.HK,0
596,1450.HK,0
597,1451.HK,0
598,1452.HK,0
599,1455.HK,0
600,1461.HK,0
601,1462.HK,0
602,1463.HK,0
603,1466.HK,0
604,1475.HK,0
605,1476.HK,0
606,1477.HK,0
607,1478.HK,0
608,1492.HK,0
609,1495.HK,0
610,1496.HK,0
611,1498.HK,0
612,1503.HK,0
613,1508.HK,0
614,1509.HK,0
615,1513.HK,0
616,1522.HK,0
617,1523.HK,0
618,1525.HK,0
619,1526.HK,0
620,1532.HK,0
621,1533.HK,0
622,1536.HK,0
623,1538.HK,0
624,1545.HK,0
625,1546.HK,0
626,1547.HK,0
627,1548.HK,0
628,1555.HK,0
629,1556.HK,0
630,1557.HK,0
631,1558.HK,0
632,1565.HK,0
633,1566.HK,0
634,1568.HK,0
635,1569.HK,0
636,1575.HK,0
637,1576.HK,0
638,1577.HK,0
639,1578.HK,0
640,1583.HK,0
641,1585.HK,0
642,1586.HK,0
643,1587.HK,0
644,1593.HK,0
645,1596.HK,0
646,1597.HK,0
647,1598.HK,0
648,1608.HK,0
649,1609.HK,0
650,1610.HK,0
651,1611.HK,0
652,1617.HK,0
653,1618.HK,26733443072
654,1620.HK,0
655,1621.HK,0
656,1628.HK,0
657,1629.HK,0
658,1630.HK,0
659,1631.HK,0
660,1637.HK,0
661,1638.HK,0
662,1639.HK,0
663,1640.HK,0
664,1651.HK,0
665,1652.HK,0
666,1653.HK,0
667,1655.HK,0
668,1660.HK,0
669,1661.HK,0
670,1662.HK,0
671,1663.HK,0
672,1669.HK,0
673,1671.HK,0
674,1672.HK,0
675,1673.HK,0
676,1680.HK,0
677,1681.HK,0
678,1682.HK,0
679,1683.HK,0
680,1691.HK,0
681,1692.HK,0
682,1693.HK,0
683,1695.HK,0
684,1702.HK,0
685,1703.HK,0
686,1705.HK,0
687,1706.HK,0
688,1711.HK,0
689,1712.HK,0
690,1713.HK,0
691,1715.HK,0
692,1720.HK,0
693,1721.HK,0
694,1722.HK,0
695,1723.HK,0
696,1729.HK,0
697,1730.HK,0
698,1731.HK,0
699,1732.HK,0
700,1738.HK,0
701,1739.HK,0
702,1740.HK,0
703,1741.HK,0
704,1747.HK,0
705,1748.HK,0
706,1749.HK,0
707,1750.HK,0
708,1756.HK,0
709,1757.HK,0
710,1758.HK,0
711,1759.HK,0
712,1765.HK,0
713,1766.HK,171249876992
714,1767.HK,0
715,1769.HK,0
716,1776.HK,0
717,1777.HK,0
718,1778.HK,0
719,1780.HK,0
720,1786.HK,0
721,1787.HK,0
722,1788.HK,0
723,1789.HK,0
724,1796.HK,0
725,1797.HK,0
726,1798.HK,0
727,1799.HK,0
728,1806.HK,0
729,1808.HK,0
730,1809.HK,0
731,1810.HK,0
732,1816.HK,143046344704
733,1817.HK,0
734,1818.HK,0
735,1820.HK,0
736,1826.HK,0
737,1827.HK,0
738,1829.HK,0
739,1830.HK,0
740,1836.HK,0
741,1837.HK,0
742,1838.HK,0
743,1839.HK,0
744,1846.HK,0
745,1847.HK,0
746,1848.HK,0
747,1849.HK,0
748,1856.HK,0
749,1857.HK,0
750,1858.HK,0
751,1859.HK,0
752,1865.HK,0
753,1866.HK,0
754,1867.HK,0
755,1868.HK,0
756,1873.HK,0
757,1875.HK,0
758,1876.HK,0
759,1877.HK,0
760,1884.HK,0
761,1885.HK,0
762,1886.HK,0
763,1888.HK,0
764,1895.HK,0
765,1896.HK,0
766,1897.HK,0
767,1898.HK,51947757568
768,1903.HK,0
769,1905.HK,0
770,1906.HK,0
771,1907.HK,0
772,1912.HK,0
773,1913.HK,0
774,1915.HK,0
775,1916.HK,0
776,1921.HK,0
777,1922.HK,0
778,1925.HK,0
779,1928.HK,238627569664
780,1933.HK,0
781,1935.HK,0
782,1936.HK,0
783,1937.HK,0
784,1942.HK,0
785,1943.HK,0
786,1949.HK,0
787,1950.HK,0
788,1957.HK,0
789,1958.HK,0
790,1959.HK,0
791,1960.HK,0
792,1967.HK,0
793,1968.HK,0
794,1969.HK,0
795,1970.HK,0
796,1978.HK,0
797,1979.HK,0
798,1980.HK,0
799,1981.HK,0
800,1987.HK,0
801,1988.HK,249477529600
802,1989.HK,0
803,1990.HK,0
804,1996.HK,0
805,1997.HK,0
806,1998.HK,0
807,1999.HK,0
808,2005.HK,0
809,2006.HK,0
810,2007.HK,240185851904
811,2008.HK,0
812,2013.HK,0
813,2014.HK,0
814,2016.HK,0
815,2017.HK,0
816,2023.HK,0
817,2025.HK,0
818,2028.HK,0
819,2030.HK,0
820,2048.HK,0
821,2051.HK,0
822,2057.HK,0
823,2060.HK,0
824,2083.HK,0
825,2086.HK,0
826,2088.HK,0
827,2096.HK,0
828,2102.HK,0
829,2103.HK,0
830,2107.HK,0
831,2108.HK,0
832,2116.HK,0
833,2118.HK,0
834,2119.HK,0
835,2120.HK,0
836,2130.HK,0
837,2132.HK,0
838,2133.HK,0
839,2136.HK,0
840,2168.HK,0
841,2169.HK,0
842,2178.HK,0
843,2180.HK,0
844,2188.HK,0
845,2189.HK,0
846,2193.HK,0
847,2196.HK,133280792576
848,2208.HK,0
849,2211.HK,0
850,2212.HK,0
851,2213.HK,0
852,2225.HK,0
853,2226.HK,0
854,2227.HK,0
855,2228.HK,0
856,2236.HK,0
857,2238.HK,137898180608
858,2239.HK,0
859,2255.HK,0
860,2268.HK,0
861,2269.HK,0
862,2277.HK,0
863,2278.HK,0
864,2286.HK,0
865,2288.HK,0
866,2289.HK,0
867,2292.HK,0
868,2300.HK,0
869,2302.HK,0
870,2303.HK,0
871,2307.HK,0
872,2313.HK,0
873,2314.HK,0
874,2317.HK,0
875,2318.HK,1633403666432
876,2324.HK,0
877,2326.HK,0
878,2327.HK,0
879,2328.HK,128563388416
880,2336.HK,0
881,2337.HK,0
882,2338.HK,0
883,2339.HK,0
884,2345.HK,0
885,2346.HK,0
886,2348.HK,0
887,2349.HK,0
888,2359.HK,0
889,2360.HK,0
890,2362.HK,0
891,2363.HK,0
892,2377.HK,0
893,2378.HK,278932029440
894,2379.HK,0
895,2380.HK,0
896,2388.HK,242117115904
897,2389.HK,0
898,2393.HK,0
899,2398.HK,0
900,2500.HK,0
901,2528.HK,0
902,2552.HK,0
903,2558.HK,0
904,2606.HK,0
905,2607.HK,57521147904
906,2608.HK,0
907,2611.HK,0
908,2638.HK,0
909,2660.HK,0
910,2662.HK,0
911,2663.HK,0
912,2680.HK,0
913,2682.HK,0
914,2683.HK,0
915,2686.HK,0
916,2699.HK,0
917,2700.HK,0
918,2708.HK,0
919,2718.HK,0
920,2768.HK,0
921,2772.HK,0
922,2777.HK,0
923,2778.HK,0
924,2799.HK,33600372736
925,2800.HK,0
926,2801.HK,0
927,2802.HK,0
928,2807.HK,0
929,2809.HK,0
930,2810.HK,0
931,2811.HK,0
932,2821.HK,0
933,2822.HK,0
934,2823.HK,0
935,2824.HK,0
936,2832.HK,0
937,2833.HK,0
938,2834.HK,0
939,2836.HK,0
940,2846.HK,0
941,2848.HK,0
942,2858.HK,0
943,2863.HK,0
944,2878.HK,0
945,2880.HK,0
946,2882.HK,0
947,2883.HK,46207934464
948,2898.HK,0
949,2899.HK,218893565952
950,2906.HK,0
951,2952.HK,0
952,2958.HK,0
953,2959.HK,0
954,3005.HK,0
955,3007.HK,0
956,3016.HK,0
957,3019.HK,0
958,3020.HK,0
959,3022.HK,0
960,3032.HK,0
961,3033.HK,0
962,3036.HK,0
963,3040.HK,0
964,3053.HK,0
965,3055.HK,0
966,3065.HK,0
967,3067.HK,0
968,3077.HK,0
969,3079.HK,0
970,3080.HK,0
971,3081.HK,0
972,3088.HK,0
973,3091.HK,0
974,3092.HK,0
975,3093.HK,0
976,3100.HK,0
977,3101.HK,0
978,3110.HK,0
979,3115.HK,0
980,3127.HK,0
981,3128.HK,0
982,3130.HK,0
983,3140.HK,0
984,3149.HK,0
985,3157.HK,0
986,3160.HK,0
987,3163.HK,0
988,3170.HK,0
989,3173.HK,0
990,3175.HK,0
991,3181.HK,0
992,3191.HK,0
993,3193.HK,0
994,3197.HK,0
995,3198.HK,0
996,3303.HK,0
997,3306.HK,0
998,3308.HK,0
999,3309.HK,0
1000,3318.HK,0
1001,3319.HK,0
1002,3320.HK,0
1003,3321.HK,0
1004,3329.HK,0
1005,3330.HK,0
1006,3331.HK,0
1007,3332.HK,0
1008,3339.HK,0
1009,3344.HK,0
1010,3347.HK,0
1011,3348.HK,0
1012,3368.HK,0
1013,3369.HK,0
1014,3377.HK,0
1015,3378.HK,0
1016,3390.HK,0
1017,3393.HK,0
1018,3395.HK,0
1019,3396.HK,0
1020,3603.HK,0
1021,3606.HK,0
1022,3608.HK,0
1023,3613.HK,0
1024,3628.HK,0
1025,3633.HK,0
1026,3636.HK,0
1027,3638.HK,0
1028,3668.HK,0
1029,3669.HK,0
1030,3678.HK,0
1031,3680.HK,0
1032,3689.HK,0
1033,3690.HK,0
1034,3692.HK,0
1035,3698.HK,0
1036,3718.HK,0
1037,3728.HK,0
1038,3737.HK,0
1039,3738.HK,0
1040,3788.HK,0
1041,3789.HK,0
1042,3798.HK,0
1043,3799.HK,0
1044,3818.HK,0
1045,3822.HK,0
1046,3828.HK,0
1047,3830.HK,0
1048,3848.HK,0
1049,3860.HK,0
1050,3866.HK,0
1051,3868.HK,0
1052,3883.HK,0
1053,3886.HK,0
1054,3888.HK,0
1055,3889.HK,0
1056,3903.HK,0
1057,3908.HK,0
1058,3913.HK,0
1059,3918.HK,0
1060,3939.HK,0
1061,3948.HK,0
1062,3958.HK,0
1063,3963.HK,0
1064,3988.HK,1007292710912
1065,3989.HK,0
1066,3990.HK,0
1067,3991.HK,0
1068,3998.HK,0
1069,3999.HK,0
1070,4332.HK,1045816082432
1071,4333.HK,1228378472448
1072,4604.HK,0
1073,4606.HK,0
1074,4607.HK,0
1075,4608.HK,0
1076,4613.HK,0
1077,4614.HK,0
1078,4615.HK,0
1079,4616.HK,0
1080,6030.HK,401999134720
1081,6033.HK,0
1082,6036.HK,0
1083,6038.HK,0
1084,6063.HK,0
1085,6066.HK,0
1086,6068.HK,0
1087,6069.HK,0
1088,6090.HK,0
1089,6093.HK,0
1090,6098.HK,0
1091,6099.HK,0
1092,6113.HK,0
1093,6116.HK,0
1094,6117.HK,0
1095,6118.HK,0
1096,6133.HK,0
1097,6136.HK,0
1098,6138.HK,0
1099,6158.HK,0
1100,6166.HK,0
1101,6168.HK,0
1102,6169.HK,0
1103,6178.HK,0
1104,6188.HK,0
1105,6189.HK,0
1106,6190.HK,0
1107,6193.HK,0
1108,6688.HK,0
1109,6805.HK,0
1110,6806.HK,0
1111,6808.HK,0
1112,6819.HK,0
1113,6820.HK,0
1114,6822.HK,0
1115,6823.HK,0
1116,6833.HK,0
1117,6836.HK,0
1118,6837.HK,182687236096
1119,6838.HK,0
1120,6862.HK,0
1121,6865.HK,0
1122,6866.HK,0
1123,6868.HK,0
1124,6881.HK,109964820480
1125,6882.HK,0
1126,6885.HK,0
1127,6886.HK,185855983616
1128,6896.HK,0
1129,6898.HK,0
1130,6899.HK,0
1131,6900.HK,0
1132,6933.HK,0
1133,6958.HK,0
1134,6966.HK,0
1135,6968.HK,0
1136,6998.HK,0
1137,7200.HK,0
1138,7205.HK,0
1139,7221.HK,0
1140,7242.HK,0
1141,7261.HK,0
1142,7266.HK,0
1143,7272.HK,0
1144,7312.HK,0
1145,7321.HK,0
1146,7322.HK,0
1147,7328.HK,0
1148,7373.HK,0
1149,7500.HK,0
1150,7522.HK,0
1151,7568.HK,0
1152,8006.HK,0
1153,8007.HK,0
1154,8009.HK,0
1155,8011.HK,0
1156,8020.HK,0
1157,8021.HK,0
1158,8022.HK,0
1159,8023.HK,0
1160,8029.HK,0
1161,8030.HK,0
1162,8031.HK,0
1163,8032.HK,0
1164,8039.HK,0
1165,8040.HK,0
1166,8041.HK,0
1167,8042.HK,0
1168,8049.HK,0
1169,8050.HK,0
1170,8051.HK,0
1171,8052.HK,0
1172,8059.HK,0
1173,8060.HK,0
1174,8062.HK,0
1175,8063.HK,0
1176,8070.HK,0
1177,8071.HK,0
1178,8072.HK,0
1179,8073.HK,0
1180,8080.HK,0
1181,8081.HK,0
1182,8082.HK,0
1183,8083.HK,0
1184,8090.HK,0
1185,8091.HK,0
1186,8092.HK,0
1187,8093.HK,0
1188,8101.HK,0
1189,8103.HK,0
1190,8106.HK,0
1191,8107.HK,0
1192,8113.HK,0
1193,8115.HK,0
1194,8116.HK,0
1195,8117.HK,0
1196,8123.HK,0
1197,8125.HK,0
1198,8126.HK,0
1199,8128.HK,0
1200,8135.HK,0
1201,8136.HK,0
1202,8137.HK,0
1203,8139.HK,0
1204,8148.HK,0
1205,8149.HK,0
1206,8150.HK,0
1207,8151.HK,0
1208,8158.HK,0
1209,8159.HK,0
1210,8160.HK,0
1211,8161.HK,0
1212,8167.HK,0
1213,8168.HK,0
1214,8169.HK,0
1215,8170.HK,0
1216,8176.HK,0
1217,8178.HK,0
1218,8179.HK,0
1219,8181.HK,0
1220,8190.HK,0
1221,8191.HK,0
1222,8192.HK,0
1223,8193.HK,0
1224,8201.HK,0
1225,8202.HK,0
1226,8203.HK,0
1227,8205.HK,0
1228,8211.HK,0
1229,8213.HK,0
1230,8215.HK,0
1231,8216.HK,0
1232,8221.HK,0
1233,8222.HK,0
1234,8223.HK,0
1235,8225.HK,0
1236,8231.HK,0
1237,8232.HK,0
1238,8235.HK,0
1239,8236.HK,0
1240,8242.HK,0
1241,8245.HK,0
1242,8246.HK,0
1243,8247.HK,0
1244,8257.HK,0
1245,8258.HK,0
1246,8259.HK,0
1247,8260.HK,0
1248,8268.HK,0
1249,8269.HK,0
1250,8270.HK,0
1251,8271.HK,0
1252,8280.HK,0
1253,8281.HK,0
1254,8282.HK,0
1255,8283.HK,0
1256,8291.HK,0
1257,8292.HK,0
1258,8293.HK,0
1259,8295.HK,0
1260,8301.HK,0
1261,8305.HK,0
1262,8307.HK,0
1263,8308.HK,0
1264,8315.HK,0
1265,8316.HK,0
1266,8317.HK,0
1267,8319.HK,0
1268,8328.HK,0
1269,8329.HK,0
1270,8331.HK,0
1271,8333.HK,0
1272,8347.HK,0
1273,8348.HK,0
1274,8349.HK,0
1275,8350.HK,0
1276,8360.HK,0
1277,8362.HK,0
1278,8363.HK,0
1279,8365.HK,0
1280,8371.HK,0
1281,8372.HK,0
1282,8373.HK,0
1283,8375.HK,0
1284,8391.HK,0
1285,8392.HK,0
1286,8395.HK,0
1287,8400.HK,0
1288,8406.HK,0
1289,8411.HK,0
1290,8412.HK,0
1291,8413.HK,0
1292,8420.HK,0
1293,8422.HK,0
1294,8423.HK,0
1295,8425.HK,0
1296,8430.HK,0
1297,8431.HK,0
1298,8432.HK,0
1299,8436.HK,0
1300,8446.HK,0
1301,8447.HK,0
1302,8448.HK,0
1303,8450.HK,0
1304,8460.HK,0
1305,8462.HK,0
1306,8471.HK,0
1307,8472.HK,0
1308,8480.HK,0
1309,8481.HK,0
1310,8482.HK,0
1311,8483.HK,0
1312,8493.HK,0
1313,8495.HK,0
1314,8496.HK,0
1315,8500.HK,0
1316,8509.HK,0
1317,8510.HK,0
1318,8511.HK,0
1319,8512.HK,0
1320,8523.HK,0
1321,8525.HK,0
1322,8526.HK,0
1323,8527.HK,0
1324,8540.HK,0
1325,8545.HK,0
1326,8547.HK,0
1327,8601.HK,0
1328,8611.HK,0
1329,8612.HK,0
1330,8613.HK,0
1331,8616.HK,0
1332,8622.HK,0
1333,8623.HK,0
1334,8627.HK,0
1335,8631.HK,0
1336,8659.HK,0
1337,8668.HK,0
1338,9010.HK,0
1339,9011.HK,0
1340,9072.HK,0
1341,9074.HK,0
1342,9077.HK,0
1343,9078.HK,0
1344,9091.HK,0
1345,9096.HK,0
1346,9101.HK,0
1347,9115.HK,0
1348,9169.HK,0
1349,9170.HK,0
1350,9173.HK,0
1351,9181.HK,0
1352,9618.HK,1114102300672
1353,9633.HK,0
1354,9666.HK,0
1355,9668.HK,0
1356,9804.HK,0
1357,9805.HK,0
1358,9806.HK,0
1359,9807.HK,0
1360,9826.HK,0
1361,9834.HK,0
1362,9836.HK,0
1363,9845.HK,0
1364,9908.HK,0
1365,9909.HK,0
1366,9911.HK,0
1367,9913.HK,0
1368,9923.HK,0
1369,9926.HK,0
1370,9928.HK,0
1371,9929.HK,0
1372,9958.HK,0
1373,9963.HK,0
1374,9966.HK,0
1375,9968.HK,0
1376,9983.HK,0
1377,9986.HK,0
1378,9987.HK,0
1379,9988.HK,6103918182400
1380,9995.HK,0
1381,9996.HK,0
1382,9997.HK,0
1383,9998.HK,0
1384,0005.HK,700891463680
1385,0006.HK,86650953728
1386,0007.HK,0
1387,0008.HK,0
1388,0014.HK,0
1389,0016.HK,301102202880
1390,0017.HK,96483434496
1391,0018.HK,0
1392,0024.HK,0
1393,0025.HK,0
1394,0026.HK,0
1395,0027.HK,242321539072
1396,0032.HK,0
1397,0033.HK,0
1398,0034.HK,0
1399,0035.HK,0
1400,0040.HK,0
1401,0041.HK,0
1402,0042.HK,0
1403,0043.HK,0
1404,0050.HK,0
1405,0051.HK,0
1406,0052.HK,0
1407,0053.HK,0
1408,0059.HK,0
1409,0060.HK,0
1410,0061.HK,0
1411,0062.HK,0
1412,0067.HK,0
1413,0068.HK,0
1414,0069.HK,0
1415,0070.HK,0
1416,0076.HK,0
1417,0077.HK,0
1418,0078.HK,0
1419,0079.HK,0
1420,0084.HK,0
1421,0085.HK,0
1422,0086.HK,0
1423,0087.HK,0
1424,0092.HK,0
1425,0093.HK,0
1426,0094.HK,0
1427,0095.HK,0
1428,0100.HK,0
1429,0101.HK,0
1430,0102.HK,0
1431,0103.HK,0
1432,0108.HK,0
1433,0109.HK,0
1434,0110.HK,0
1435,0111.HK,0
1436,0116.HK,0
1437,0117.HK,0
1438,0118.HK,0
1439,0119.HK,0
1440,0125.HK,0
1441,0126.HK,0
1442,0127.HK,0
1443,0128.HK,0
1444,0133.HK,0
1445,0135.HK,0
1446,0136.HK,0
1447,0137.HK,0
1448,0143.HK,0
1449,0144.HK,32216227840
1450,0145.HK,0
1451,0146.HK,0
1452,0151.HK,0
1453,0152.HK,0
1454,0153.HK,0
1455,0154.HK,0
1456,0159.HK,0
1457,0160.HK,0
1458,0162.HK,0
1459,0163.HK,0
1460,0168.HK,107400380416
1461,0169.HK,0
1462,0171.HK,0
1463,0172.HK,0
1464,0177.HK,0
1465,0178.HK,0
1466,0179.HK,0
1467,0180.HK,0
1468,0185.HK,0
1469,0186.HK,0
1470,0187.HK,0
1471,0188.HK,0
1472,0194.HK,0
1473,0195.HK,0
1474,0196.HK,0
1475,0197.HK,0
1476,0202.HK,0
1477,0204.HK,0
1478,0205.HK,0
1479,0206.HK,0
1480,0211.HK,0
1481,0212.HK,0
1482,0213.HK,0
1483,0214.HK,0
1484,0219.HK,0
1485,0220.HK,0
1486,0222.HK,0
1487,0223.HK,0
1488,0228.HK,0
1489,0229.HK,0
1490,0230.HK,0
1491,0231.HK,0
1492,0237.HK,0
1493,0238.HK,0
1494,0239.HK,0
1495,0240.HK,0
1496,0245.HK,0
1497,0247.HK,0
1498,0248.HK,0
1499,0250.HK,0
1500,0255.HK,0
1501,0256.HK,0
1502,0257.HK,0
1503,0258.HK,0
1504,0263.HK,0
1505,0264.HK,0
1506,0265.HK,0
1507,0266.HK,0
1508,0271.HK,0
1509,0272.HK,0
1510,0273.HK,0
1511,0274.HK,0
1512,0279.HK,0
1513,0280.HK,0
1514,0281.HK,0
1515,0282.HK,0
1516,0289.HK,0
1517,0290.HK,0
1518,0291.HK,0
1519,0292.HK,0
1520,0297.HK,0
1521,0298.HK,0
1522,0299.HK,0
1523,0301.HK,0
1524,0307.HK,0
1525,0308.HK,0
1526,0309.HK,0
1527,0310.HK,0
1528,0316.HK,0
1529,0317.HK,0
1530,0318.HK,0
1531,0320.HK,0
1532,0327.HK,0
1533,0328.HK,0
1534,0329.HK,0
1535,0330.HK,0
1536,0335.HK,0
1537,0336.HK,0
1538,0337.HK,0
1539,0338.HK,33749504000
1540,0343.HK,0
1541,0345.HK,0
1542,0346.HK,0
1543,0347.HK,29864624128
1544,0354.HK,0
1545,0355.HK,0
1546,0356.HK,0
1547,0357.HK,0
1548,0362.HK,0
1549,0363.HK,0
1550,0364.HK,0
1551,0365.HK,0
1552,0370.HK,0
1553,0371.HK,0
1554,0372.HK,0
1555,0373.HK,0
1556,0378.HK,0
1557,0379.HK,0
1558,0380.HK,0
1559,0381.HK,0
1560,0386.HK,527731294208
1561,0387.HK,0
1562,0388.HK,483047047168
1563,0389.HK,0
1564,0395.HK,0
1565,0396.HK,0
1566,0397.HK,0
1567,0398.HK,0
1568,0405.HK,0
1569,0406.HK,0
1570,0408.HK,0
1571,0410.HK,0
1572,0417.HK,0
1573,0418.HK,0
1574,0419.HK,0
1575,0420.HK,0
1576,0428.HK,0
1577,0430.HK,0
1578,0431.HK,0
1579,0432.HK,0
1580,0438.HK,0
1581,0439.HK,0
1582,0440.HK,0
1583,0442.HK,0
1584,0451.HK,0
1585,0455.HK,0
1586,0456.HK,0
1587,0458.HK,0
1588,0465.HK,0
1589,0467.HK,0
1590,0468.HK,0
1591,0471.HK,0
1592,0479.HK,0
1593,0480.HK,0
1594,0482.HK,0
1595,0483.HK,0
1596,0488.HK,0
1597,0489.HK,65482514432
1598,0491.HK,0
1599,0493.HK,0
1600,0499.HK,0
1601,0500.HK,0
1602,0503.HK,0
1603,0505.HK,0
1604,0511.HK,0
1605,0512.HK,0
1606,0513.HK,0
1607,0515.HK,0
1608,0521.HK,0
1609,0522.HK,0
1610,0524.HK,0
1611,0525.HK,0
1612,0530.HK,0
1613,0531.HK,0
1614,0532.HK,0
1615,0533.HK,0
1616,0540.HK,0
1617,0542.HK,0
1618,0543.HK,0
1619,0544.HK,0
1620,0551.HK,23118661632
1621,0552.HK,0
1622,0553.HK,0
1623,0554.HK,0
1624,0559.HK,0
1625,0560.HK,0
1626,0563.HK,0
1627,0564.HK,0
1628,0571.HK,0
1629,0572.HK,0
1630,0573.HK,0
1631,0574.HK,0
1632,0579.HK,0
1633,0580.HK,0
1634,0581.HK,0
1635,0582.HK,0
1636,0588.HK,0
1637,0589.HK,0
1638,0590.HK,0
1639,0591.HK,0
1640,0598.HK,0
1641,0599.HK,0
1642,0600.HK,0
1643,0601.HK,0
1644,0607.HK,0
1645,0608.HK,0
1646,0609.HK,0
1647,0610.HK,0
1648,0617.HK,0
1649,0618.HK,0
1650,0619.HK,0
1651,0620.HK,0
1652,0626.HK,0
1653,0627.HK,0
1654,0628.HK,0
1655,0629.HK,0
1656,0635.HK,0
1657,0636.HK,0
1658,0637.HK,0
1659,0638.HK,0
1660,0645.HK,0
1661,0646.HK,0
1662,0648.HK,0
1663,0650.HK,0
1664,0657.HK,0
1665,0658.HK,0
1666,0659.HK,0
1667,0660.HK,0
1668,0666.HK,0
1669,0667.HK,0
1670,0668.HK,0
1671,0669.HK,207049900032
1672,0675.HK,0
1673,0676.HK,0
1674,0677.HK,0
1675,0678.HK,0
1676,0683.HK,0
1677,0684.HK,0
1678,0685.HK,0
1679,0686.HK,0
1680,0691.HK,0
1681,0693.HK,0
1682,0694.HK,0
1683,0695.HK,0
1684,0700.HK,5888188350464
1685,0701.HK,0
1686,0702.HK,0
1687,0703.HK,0
1688,0709.HK,0
1689,0710.HK,0
1690,0711.HK,0
1691,0712.HK,0
1692,0718.HK,0
1693,0719.HK,0
1694,0720.HK,0
1695,0721.HK,0
1696,0726.HK,0
1697,0727.HK,0
1698,0728.HK,207186935808
1699,0729.HK,0
1700,0736.HK,0
1701,0737.HK,0
1702,0738.HK,0
1703,0743.HK,0
1704,0751.HK,0
1705,0752.HK,0
1706,0753.HK,103424450560
1707,0754.HK,0
1708,0759.HK,0
1709,0760.HK,0
1710,0762.HK,160807927808
1711,0763.HK,176638345216
1712,0768.HK,0
1713,0769.HK,0
1714,0770.HK,0
1715,0771.HK,0
1716,0778.HK,0
1717,0780.HK,0
1718,0784.HK,0
1719,0787.HK,0
1720,0798.HK,0
1721,0799.HK,0
1722,0800.HK,0
1723,0802.HK,0
1724,0808.HK,0
1725,0809.HK,0
1726,0810.HK,0
1727,0811.HK,0
1728,0817.HK,0
1729,0818.HK,0
1730,0819.HK,0
1731,0820.HK,0
1732,0826.HK,0
1733,0827.HK,0
1734,0828.HK,0
1735,0829.HK,0
1736,0834.HK,0
1737,0836.HK,39541821440
1738,0837.HK,0
1739,0838.HK,0
1740,0844.HK,0
1741,0845.HK,0
1742,0846.HK,0
1743,0848.HK,0
1744,0854.HK,0
1745,0855.HK,0
1746,0856.HK,0
1747,0857.HK,833356693504
1748,0862.HK,0
1749,0863.HK,0
1750,0864.HK,0
1751,0865.HK,0
1752,0871.HK,0
1753,0872.HK,0
1754,0873.HK,0
1755,0874.HK,0
1756,0881.HK,0
1757,0882.HK,0
1758,0883.HK,336913498112
1759,0884.HK,0
1760,0889.HK,0
1761,0891.HK,0
1762,0893.HK,0
1763,0894.HK,0
1764,0899.HK,0
1765,0900.HK,0
1766,0901.HK,0
1767,0902.HK,0
1768,0908.HK,0
1769,0909.HK,0
1770,0910.HK,0
1771,0911.HK,0
1772,0916.HK,0
1773,0918.HK,0
1774,0919.HK,0
1775,0921.HK,0
1776,0926.HK,0
1777,0927.HK,0
1778,0928.HK,0
1779,0929.HK,0
1780,0936.HK,0
1781,0938.HK,0
1782,0939.HK,1475382607872
1783,0941.HK,0
1784,0950.HK,0
1785,0951.HK,0
1786,0952.HK,0
1787,0953.HK,0
1788,0966.HK,44997132288
1789,0967.HK,0
1790,0968.HK,0
1791,0969.HK,0
1792,0976.HK,0
1793,0978.HK,0
1794,0979.HK,0
1795,0980.HK,0
1796,0985.HK,0
1797,0986.HK,0
1798,0987.HK,0
1799,0988.HK,0
1800,0993.HK,0
1801,0994.HK,0
1802,0995.HK,0
1803,0996.HK,0
1804,1001.HK,0
1805,1002.HK,0
1806,1003.HK,0
1807,1004.HK,0
1808,1009.HK,0
1809,1010.HK,0
1810,1011.HK,0
1811,1013.HK,0
1812,1025.HK,0
1813,1026.HK,0
1814,1027.HK,0
1815,1028.HK,0
1816,1034.HK,0
1817,1036.HK,0
1818,1037.HK,0
1819,1038.HK,101123448832
1820,1045.HK,0
1821,1046.HK,0
1822,1047.HK,0
1823,1049.HK,0
1824,1055.HK,93122576384
1825,1057.HK,0
1826,1058.HK,0
1827,1059.HK,0
1828,1064.HK,0
1829,1065.HK,0
1830,1066.HK,0
1831,1068.HK,0
1832,1073.HK,0
1833,1075.HK,0
1834,1076.HK,0
1835,1079.HK,0
1836,1085.HK,0
1837,1086.HK,0
1838,1087.HK,0
1839,1088.HK,383210815488
1840,1094.HK,0
1841,1096.HK,0
1842,1097.HK,0
1843,1098.HK,0
1844,1103.HK,0
1845,1104.HK,0
1846,1105.HK,0
1847,1106.HK,0
1848,1111.HK,0
1849,1112.HK,0
1850,1113.HK,141457227776
1851,1114.HK,39554916352
1852,1119.HK,0
1853,1120.HK,0
1854,1121.HK,0
1855,1122.HK,0
1856,1127.HK,0
1857,1128.HK,61015011328
1858,1129.HK,0
1859,1130.HK,0
1860,1137.HK,0
1861,1138.HK,0
1862,1139.HK,0
1863,1140.HK,0
1864,1146.HK,0
1865,1147.HK,0
1866,1148.HK,0
1867,1150.HK,0
1868,1158.HK,0
1869,1159.HK,0
1870,1160.HK,0
1871,1161.HK,0
1872,1166.HK,0
1873,1168.HK,0
1874,1169.HK,101766905856
1875,1170.HK,0
1876,1176.HK,0
1877,1177.HK,0
1878,1178.HK,0
1879,1179.HK,0
1880,1184.HK,0
1881,1185.HK,0
1882,1186.HK,122954842112
1883,1188.HK,0
1884,1193.HK,82494464000
1885,1194.HK,0
1886,1195.HK,0
1887,1196.HK,0
1888,1202.HK,0
1889,1203.HK,0
1890,1205.HK,0
1891,1206.HK,0
1892,1212.HK,0
1893,1213.HK,0
1894,1215.HK,0
1895,1216.HK,0
1896,1221.HK,0
1897,1222.HK,0
1898,1223.HK,0
1899,1224.HK,0
1900,1230.HK,0
1901,1231.HK,0
1902,1232.HK,0
1903,1233.HK,0
1904,1239.HK,0
1905,1240.HK,0
1906,1241.HK,0
1907,1243.HK,0
1908,1249.HK,0
1909,1250.HK,0
1910,1251.HK,0
1911,1252.HK,0
1912,1259.HK,0
1913,1260.HK,0
1914,1262.HK,0
1915,1263.HK,0
1916,1270.HK,0
1917,1271.HK,0
1918,1272.HK,0
1919,1273.HK,0
1920,1281.HK,0
1921,1282.HK,0
1922,1283.HK,0
1923,1285.HK,0
1924,1292.HK,0
1925,1293.HK,0
1926,1296.HK,0
1927,1297.HK,0
1928,1302.HK,0
1929,1303.HK,0
1930,1305.HK,0
1931,1308.HK,0
1932,1315.HK,0
1933,1316.HK,0
1934,1317.HK,0
1935,1319.HK,0
1936,1328.HK,0
1937,1329.HK,0
1938,1330.HK,0
1939,1332.HK,0
1940,1338.HK,0
1941,1339.HK,291853631488
1942,1340.HK,0
1943,1341.HK,0
1944,1348.HK,0
1945,1349.HK,0
1946,1351.HK,0
1947,1353.HK,0
1948,1360.HK,0
1949,1361.HK,0
1950,1362.HK,0
1951,1363.HK,0
1952,1369.HK,0
1953,1370.HK,0
1954,1371.HK,0
1955,1372.HK,0
1956,1380.HK,0
1957,1381.HK,0
1958,1382.HK,0
1959,1383.HK,0
1960,1389.HK,0
1961,1393.HK,0
1962,1395.HK,0
1963,1396.HK,0
1964,1401.HK,0
1965,1402.HK,0
1966,1408.HK,0
1967,1410.HK,0
1968,1418.HK,0
1969,1419.HK,0
1970,1420.HK,0
1971,1421.HK,0
1972,1429.HK,0
1973,1430.HK,0
1974,1431.HK,0
1975,1432.HK,0
1976,1446.HK,0
1977,1447.HK,0
1978,1448.HK,0
1979,1449.HK,0
1980,1456.HK,0
1981,1458.HK,0
1982,1459.HK,0
1983,1460.HK,0
1984,1468.HK,0
1985,1469.HK,0
1986,1470.HK,0
1987,1472.HK,0
1988,1480.HK,0
1989,1483.HK,0
1990,1486.HK,0
1991,1488.HK,0
1992,1499.HK,0
1993,1500.HK,0
1994,1501.HK,0
1995,1502.HK,0
1996,1515.HK,0
1997,1518.HK,0
1998,1520.HK,0
1999,1521.HK,0
2000,1527.HK,0
2001,1528.HK,0
2002,1529.HK,0
2003,1530.HK,0
2004,1539.HK,0
2005,1540.HK,0
2006,1542.HK,0
2007,1543.HK,0
2008,1549.HK,0
2009,1551.HK,0
2010,1552.HK,0
2011,1553.HK,0
2012,1559.HK,0
2013,1560.HK,0
2014,1561.HK,0
2015,1563.HK,0
2016,1570.HK,0
2017,1571.HK,0
2018,1572.HK,0
2019,1573.HK,0
2020,1579.HK,0
2021,1580.HK,0
2022,1581.HK,0
2023,1582.HK,0
2024,1588.HK,0
2025,1589.HK,0
2026,1591.HK,0
2027,1592.HK,0
2028,1599.HK,0
2029,1600.HK,0
2030,1601.HK,0
2031,1606.HK,0
2032,1612.HK,0
2033,1613.HK,0
2034,1615.HK,0
2035,1616.HK,0
2036,1622.HK,0
2037,1623.HK,0
2038,1626.HK,0
2039,1627.HK,0
2040,1632.HK,0
2041,1633.HK,0
2042,1635.HK,0
2043,1636.HK,0
2044,1645.HK,0
2045,1647.HK,0
2046,1649.HK,0
2047,1650.HK,0
2048,1656.HK,0
2049,1657.HK,0
2050,1658.HK,0
2051,1659.HK,0
2052,1665.HK,0
2053,1666.HK,0
2054,1667.HK,0
2055,1668.HK,0
2056,1675.HK,0
2057,1676.HK,0
2058,1678.HK,0
2059,1679.HK,0
2060,1685.HK,0
2061,1686.HK,0
2062,1689.HK,0
2063,1690.HK,0
2064,1696.HK,0
2065,1697.HK,0
2066,1699.HK,0
2067,1701.HK,0
2068,1707.HK,0
2069,1708.HK,0
2070,1709.HK,0
2071,1710.HK,0
2072,1716.HK,0
2073,1717.HK,0
2074,1718.HK,0
2075,1719.HK,0
2076,1725.HK,0
2077,1726.HK,0
2078,1727.HK,0
2079,1728.HK,0
2080,1733.HK,0
2081,1735.HK,0
2082,1736.HK,0
2083,1737.HK,0
2084,1742.HK,0
2085,1743.HK,0
2086,1745.HK,0
2087,1746.HK,0
2088,1751.HK,0
2089,1752.HK,0
2090,1753.HK,0
2091,1755.HK,0
2092,1760.HK,0
2093,1761.HK,0
2094,1762.HK,0
2095,1763.HK,0
2096,1771.HK,0
2097,1772.HK,0
2098,1773.HK,0
2099,1775.HK,0
2100,1781.HK,0
2101,1782.HK,0
2102,1783.HK,0
2103,1785.HK,0
2104,1790.HK,0
2105,1792.HK,0
2106,1793.HK,0
2107,1795.HK,0
2108,1800.HK,121824002048
2109,1801.HK,0
2110,1802.HK,0
2111,1803.HK,0
2112,1811.HK,0
2113,1812.HK,0
2114,1813.HK,0
2115,1815.HK,0
2116,1821.HK,0
2117,1822.HK,0
2118,1823.HK,0
2119,1825.HK,0
2120,1831.HK,0
2121,1832.HK,0
2122,1833.HK,0
2123,1835.HK,0
2124,1841.HK,0
2125,1842.HK,0
2126,1843.HK,0
2127,1845.HK,0
2128,1850.HK,0
2129,1851.HK,0
2130,1853.HK,0
2131,1854.HK,0
2132,1860.HK,0
2133,1861.HK,0
2134,1862.HK,0
2135,1863.HK,0
2136,1869.HK,0
2137,1870.HK,0
2138,1871.HK,0
2139,1872.HK,0
2140,1878.HK,0
2141,1881.HK,0
2142,1882.HK,0
2143,1883.HK,0
2144,1889.HK,0
2145,1890.HK,0
2146,1891.HK,0
2147,1894.HK,0
2148,1899.HK,0
2149,1900.HK,0
2150,1901.HK,0
2151,1902.HK,0
2152,1908.HK,0
2153,1909.HK,0
2154,1910.HK,0
2155,1911.HK,0
2156,1917.HK,0
2157,1918.HK,0
2158,1919.HK,99690430464
2159,1920.HK,0
2160,1929.HK,0
2161,1930.HK,0
2162,1931.HK,0
2163,1932.HK,0
2164,1938.HK,0
2165,1939.HK,0
2166,1940.HK,0
2167,1941.HK,0
2168,1951.HK,0
2169,1952.HK,0
2170,1953.HK,0
2171,1955.HK,0
2172,1961.HK,0
2173,1962.HK,0
2174,1963.HK,0
2175,1966.HK,0
2176,1971.HK,0
2177,1972.HK,0
2178,1975.HK,0
2179,1977.HK,0
2180,1982.HK,0
2181,1983.HK,0
2182,1985.HK,0
2183,1986.HK,0
2184,1991.HK,0
2185,1992.HK,0
2186,1993.HK,0
2187,1995.HK,0
2188,2000.HK,0
2189,2001.HK,0
2190,2002.HK,0
2191,2003.HK,0
2192,2009.HK,0
2193,2010.HK,0
2194,2011.HK,0
2195,2012.HK,0
2196,2018.HK,53053149184
2197,2019.HK,0
2198,2020.HK,273256120320
2199,2022.HK,0
2200,2031.HK,0
2201,2033.HK,0
2202,2038.HK,0
2203,2039.HK,53301911552
2204,2066.HK,0
2205,2068.HK,0
2206,2078.HK,0
2207,2080.HK,0
2208,2098.HK,0
2209,2099.HK,0
2210,2100.HK,0
2211,2101.HK,0
2212,2111.HK,0
2213,2112.HK,0
2214,2113.HK,0
2215,2115.HK,0
2216,2122.HK,0
2217,2123.HK,0
2218,2126.HK,0
2219,2128.HK,0
2220,2138.HK,0
2221,2139.HK,0
2222,2163.HK,0
2223,2166.HK,0
2224,2181.HK,0
2225,2182.HK,0
2226,2183.HK,0
2227,2186.HK,0
2228,2198.HK,0
2229,2199.HK,0
2230,2202.HK,385373306880
2231,2203.HK,0
2232,2218.HK,0
2233,2221.HK,0
2234,2222.HK,0
2235,2223.HK,0
2236,2230.HK,0
2237,2231.HK,0
2238,2232.HK,0
2239,2233.HK,0
2240,2258.HK,0
2241,2262.HK,0
2242,2263.HK,0
2243,2266.HK,0
2244,2280.HK,0
2245,2281.HK,0
2246,2282.HK,38456000512
2247,2283.HK,0
2248,2293.HK,0
2249,2296.HK,0
2250,2298.HK,0
2251,2299.HK,0
2252,2308.HK,0
2253,2309.HK,0
2254,2310.HK,0
2255,2312.HK,0
2256,2319.HK,158528241664
2257,2320.HK,0
2258,2322.HK,0
2259,2323.HK,0
2260,2329.HK,0
2261,2330.HK,0
2262,2331.HK,0
2263,2333.HK,242891194368
2264,2340.HK,0
2265,2341.HK,0
2266,2342.HK,0
2267,2343.HK,0
2268,2355.HK,0
2269,2356.HK,0
2270,2357.HK,0
2271,2358.HK,0
2272,2366.HK,0
2273,2368.HK,0
2274,2369.HK,0
2275,2371.HK,0
2276,2381.HK,0
2277,2382.HK,0
2278,2383.HK,0
2279,2386.HK,0
2280,2399.HK,0
2281,2400.HK,0
2282,2448.HK,0
2283,2488.HK,0
2284,2588.HK,0
2285,2599.HK,0
2286,2600.HK,54339289088
2287,2601.HK,327570587648
2288,2616.HK,0
2289,2623.HK,0
2290,2628.HK,1138444075008
2291,2633.HK,0
2292,2666.HK,0
2293,2668.HK,0
2294,2669.HK,0
2295,2678.HK,0
2296,2688.HK,0
2297,2689.HK,0
2298,2696.HK,0
2299,2698.HK,0
2300,2722.HK,0
2301,2727.HK,78565089280
2302,2728.HK,0
2303,2738.HK,0
2304,2779.HK,0
2305,2788.HK,0
2306,2789.HK,0
2307,2798.HK,0
2308,2803.HK,0
2309,2804.HK,0
2310,2805.HK,0
2311,2806.HK,0
2312,2812.HK,0
2313,2813.HK,0
2314,2819.HK,0
2315,2820.HK,0
2316,2825.HK,0
2317,2826.HK,0
2318,2827.HK,0
2319,2828.HK,0
2320,2838.HK,0
2321,2840.HK,0
2322,2843.HK,0
2323,2845.HK,0
2324,2866.HK,0
2325,2868.HK,0
2326,2869.HK,0
2327,2877.HK,0
2328,2885.HK,0
2329,2886.HK,0
2330,2888.HK,116356571136
2331,2892.HK,0
2332,2954.HK,0
2333,2955.HK,0
2334,2956.HK,0
2335,2957.HK,0
2336,3010.HK,0
2337,3011.HK,0
2338,3012.HK,0
2339,3015.HK,0
2340,3023.HK,0
2341,3024.HK,0
2342,3027.HK,0
2343,3031.HK,0
2344,3043.HK,0
2345,3047.HK,0
2346,3048.HK,0
2347,3049.HK,0
2348,3070.HK,0
2349,3072.HK,0
2350,3073.HK,0
2351,3074.HK,0
2352,3082.HK,0
2353,3085.HK,0
2354,3086.HK,0
2355,3087.HK,0
2356,3095.HK,0
2357,3096.HK,0
2358,3097.HK,0
2359,3099.HK,0
2360,3118.HK,0
2361,3121.HK,0
2362,3122.HK,0
2363,3126.HK,0
2364,3141.HK,0
2365,3143.HK,0
2366,3145.HK,0
2367,3147.HK,0
2368,3165.HK,0
2369,3166.HK,0
2370,3167.HK,0
2371,3169.HK,0
2372,3182.HK,0
2373,3186.HK,0
2374,3187.HK,0
2375,3188.HK,0
2376,3199.HK,0
2377,3300.HK,0
2378,3301.HK,0
2379,3302.HK,0
2380,3311.HK,0
2381,3313.HK,0
2382,3315.HK,0
2383,3316.HK,0
2384,3322.HK,0
2385,3323.HK,0
2386,3326.HK,0
2387,3328.HK,351710707712
2388,3333.HK,219431206912
2389,3335.HK,0
2390,3336.HK,0
2391,3337.HK,0
2392,3358.HK,0
2393,3360.HK,0
2394,3363.HK,0
2395,3366.HK,0
2396,3380.HK,0
2397,3382.HK,0
2398,3383.HK,0
2399,3389.HK,0
2400,3398.HK,0
2401,3399.HK,0
2402,3600.HK,0
2403,3601.HK,0
2404,3616.HK,0
2405,3618.HK,54018437120
2406,3623.HK,0
2407,3626.HK,0
2408,3639.HK,0
2409,3662.HK,0
2410,3663.HK,0
2411,3666.HK,0
2412,3681.HK,0
2413,3683.HK,0
2414,3686.HK,0
2415,3688.HK,0
2416,3699.HK,0
2417,3700.HK,0
2418,3708.HK,0
2419,3709.HK,0
2420,3759.HK,0
2421,3768.HK,0
2422,3773.HK,0
2423,3778.HK,0
2424,3800.HK,0
2425,3808.HK,0
2426,3813.HK,0
2427,3816.HK,0
2428,3833.HK,0
2429,3836.HK,0
2430,3838.HK,0
2431,3839.HK,0
2432,3869.HK,0
2433,3877.HK,0
2434,3878.HK,0
2435,3882.HK,0
2436,3893.HK,0
2437,3898.HK,0
2438,3899.HK,0
2439,3900.HK,0
2440,3919.HK,0
2441,3928.HK,0
2442,3933.HK,0
2443,3938.HK,0
2444,3968.HK,1230565277696
2445,3969.HK,0
2446,3978.HK,0
2447,3983.HK,0
2448,3992.HK,0
2449,3993.HK,0
2450,3996.HK,0
2451,3997.HK,0
2452,4335.HK,1442342240256
2453,4336.HK,0
2454,4337.HK,0
2455,4338.HK,13115708145664
2456,4609.HK,0
2457,4610.HK,0
2458,4611.HK,0
2459,4612.HK,0
2460,4617.HK,0
2461,4618.HK,0
2462,4619.HK,0
2463,4620.HK,0
2464,6049.HK,0
2465,6055.HK,0
2466,6058.HK,0
2467,6060.HK,0
2468,6078.HK,0
2469,6080.HK,0
2470,6083.HK,0
2471,6088.HK,0
2472,6100.HK,0
2473,6108.HK,0
2474,6110.HK,0
2475,6111.HK,0
2476,6119.HK,0
2477,6122.HK,0
2478,6123.HK,0
2479,6128.HK,0
2480,6160.HK,0
2481,6161.HK,0
2482,6162.HK,0
2483,6163.HK,0
2484,6182.HK,0
2485,6183.HK,0
2486,6185.HK,0
2487,6186.HK,0
2488,6196.HK,0
2489,6198.HK,0
2490,6199.HK,0
2491,6288.HK,0
2492,6811.HK,0
2493,6812.HK,0
2494,6816.HK,0
2495,6818.HK,231526580224
2496,6826.HK,0
2497,6828.HK,0
2498,6829.HK,0
2499,6830.HK,0
2500,6839.HK,0
2501,6855.HK,0
2502,6858.HK,0
2503,6860.HK,0
2504,6869.HK,0
2505,6877.HK,0
2506,6878.HK,0
2507,6880.HK,0
2508,6888.HK,0
2509,6889.HK,0
2510,6890.HK,0
2511,6893.HK,0
2512,6908.HK,0
2513,6918.HK,0
2514,6919.HK,0
2515,6928.HK,0
2516,6969.HK,0
2517,6978.HK,0
2518,6988.HK,0
2519,6989.HK,0
2520,7228.HK,0
2521,7230.HK,0
2522,7231.HK,0
2523,7233.HK,0
2524,7288.HK,0
2525,7299.HK,0
2526,7300.HK,0
2527,7302.HK,0
2528,7331.HK,0
2529,7333.HK,0
2530,7336.HK,0
2531,7362.HK,0
2532,7588.HK,0
2533,8001.HK,0
2534,8003.HK,0
2535,8005.HK,0
2536,8013.HK,0
2537,8017.HK,0
2538,8018.HK,0
2539,8019.HK,0
2540,8025.HK,0
2541,8026.HK,0
2542,8027.HK,0
2543,8028.HK,0
2544,8033.HK,0
2545,8035.HK,0
2546,8036.HK,0
2547,8037.HK,0
2548,8043.HK,0
2549,8045.HK,0
2550,8047.HK,0
2551,8048.HK,0
2552,8053.HK,0
2553,8055.HK,0
2554,8056.HK,0
2555,8057.HK,0
2556,8065.HK,0
2557,8066.HK,0
2558,8067.HK,0
2559,8069.HK,0
2560,8075.HK,0
2561,8076.HK,0
2562,8078.HK,0
2563,8079.HK,0
2564,8086.HK,0
2565,8087.HK,0
2566,8088.HK,0
2567,8089.HK,0
2568,8095.HK,0
2569,8096.HK,0
2570,8098.HK,0
2571,8100.HK,0
2572,8108.HK,0
2573,8109.HK,0
2574,8111.HK,0
2575,8112.HK,0
2576,8118.HK,0
2577,8119.HK,0
2578,8120.HK,0
2579,8121.HK,0
2580,8130.HK,0
2581,8131.HK,0
2582,8132.HK,0
2583,8133.HK,0
2584,8140.HK,0
2585,8143.HK,0
2586,8146.HK,0
2587,8147.HK,0
2588,8152.HK,0
2589,8153.HK,0
2590,8155.HK,0
2591,8156.HK,0
2592,8162.HK,0
2593,8163.HK,0
2594,8165.HK,0
2595,8166.HK,0
2596,8171.HK,0
2597,8172.HK,0
2598,8173.HK,0
2599,8175.HK,0
2600,8186.HK,0
2601,8187.HK,0
2602,8188.HK,0
2603,8189.HK,0
2604,8195.HK,0
2605,8196.HK,0
2606,8198.HK,0
2607,8200.HK,0
2608,8206.HK,0
2609,8207.HK,0
2610,8208.HK,0
2611,8210.HK,0
2612,8217.HK,0
2613,8218.HK,0
2614,8219.HK,0
2615,8220.HK,0
2616,8226.HK,0
2617,8227.HK,0
2618,8228.HK,0
2619,8229.HK,0
2620,8237.HK,0
2621,8238.HK,0
2622,8239.HK,0
2623,8241.HK,0
2624,8249.HK,0
2625,8250.HK,0
2626,8255.HK,0
2627,8256.HK,0
2628,8262.HK,0
2629,8265.HK,0
2630,8266.HK,0
2631,8267.HK,0
2632,8272.HK,0
2633,8275.HK,0
2634,8277.HK,0
2635,8279.HK,0
2636,8285.HK,0
2637,8286.HK,0
2638,8287.HK,0
2639,8290.HK,0
2640,8296.HK,0
2641,8297.HK,0
2642,8299.HK,0
2643,8300.HK,0
2644,8309.HK,0
2645,8310.HK,0
2646,8311.HK,0
2647,8313.HK,0
2648,8320.HK,0
2649,8321.HK,0
2650,8325.HK,0
2651,8326.HK,0
2652,8337.HK,0
2653,8340.HK,0
2654,8341.HK,0
2655,8346.HK,0
2656,8351.HK,0
2657,8353.HK,0
2658,8356.HK,0
2659,8357.HK,0
2660,8366.HK,0
2661,8367.HK,0
2662,8368.HK,0
2663,8370.HK,0
2664,8377.HK,0
2665,8379.HK,0
2666,8383.HK,0
2667,8385.HK,0
2668,8401.HK,0
2669,8402.HK,0
2670,8403.HK,0
2671,8405.HK,0
2672,8416.HK,0
2673,8417.HK,0
2674,8418.HK,0
2675,8419.HK,0
2676,8426.HK,0
2677,8427.HK,0
2678,8428.HK,0
2679,8429.HK,0
2680,8437.HK,0
2681,8439.HK,0
2682,8441.HK,0
2683,8445.HK,0
2684,8451.HK,0
2685,8452.HK,0
2686,8455.HK,0
2687,8456.HK,0
2688,8473.HK,0
2689,8475.HK,0
2690,8476.HK,0
2691,8479.HK,0
2692,8485.HK,0
2693,8487.HK,0
2694,8490.HK,0
2695,8491.HK,0
2696,8501.HK,0
2697,8502.HK,0
2698,8506.HK,0
2699,8507.HK,0
2700,8513.HK,0
2701,8516.HK,0
2702,8519.HK,0
2703,8521.HK,0
2704,8532.HK,0
2705,8535.HK,0
2706,8536.HK,0
2707,8537.HK,0
2708,8603.HK,0
2709,8606.HK,0
2710,8607.HK,0
2711,8609.HK,0
2712,8617.HK,0
2713,8619.HK,0
2714,8620.HK,0
2715,8621.HK,0
2716,8635.HK,0
2717,8645.HK,0
2718,8646.HK,0
2719,8657.HK,0
2720,9022.HK,0
2721,9031.HK,0
2722,9047.HK,0
2723,9067.HK,0
2724,9081.HK,0
2725,9085.HK,0
2726,9086.HK,0
2727,9088.HK,0
2728,9126.HK,0
2729,9140.HK,0
2730,9141.HK,0
2731,9167.HK,0
2732,9186.HK,0
2733,9187.HK,0
2734,9191.HK,0
2735,9616.HK,0
2736,9677.HK,0
2737,9688.HK,0
2738,9698.HK,0
2739,9803.HK,0
2740,9809.HK,0
2741,9810.HK,0
2742,9812.HK,0
2743,9820.HK,0
2744,9846.HK,0
2745,9900.HK,0
2746,9901.HK,0
2747,9906.HK,0
2748,9916.HK,0
2749,9918.HK,0
2750,9919.HK,0
2751,9922.HK,0
2752,9933.HK,0
2753,9936.HK,0
2754,9938.HK,0
2755,9939.HK,0
2756,9969.HK,0
2757,9977.HK,0
2758,9978.HK,0
2759,9979.HK,0
2760,9989.HK,0
2761,9990.HK,0
2762,9991.HK,0
2763,9993.HK,0
2764,9999.HK,484968628224
